{
    "name": "nordhem",
    "title": "Nordhem",
    "description": "A system for Nordhem, based on Rolemaster.",
    "version": "0.2",
    "templateVersion": 1,
    "author": "Macro",
    "scripts": [
      "scripts/placeholder.js",
      "scripts/placeholder2.js"
    ],
    "esmodules": [
      "scripts/nordhem.js"
    ],
    "styles": [
      "styles/system-styles-1.css",
      "styles/system-styles-2.css"
    ],
    "packs": [
      {
        "name": "monsters",
        "label": "Monsters",
        "system": "nordhem",
        "module": "nordhem",
        "path": "packs/monsters.db",
        "entity": "Actor"
      },
      {
        "name": "items",
        "label": "Items",
        "system": "nordhem",
        "module": "nordhem",
        "path": "packs/items.db",
        "entity": "Item"
      }
    ],
    "languages": [
      {
        "lang": "en",
        "name": "English",
        "path": "lang/en.json"
      }
    ],
    "socket": false,
    "initiative": "1d20",
    "gridDistance": 2,
    "gridUnits": "m",
    "primaryTokenAttribute": "null",
    "secondaryTokenAttribute": "null",
    "url": "https://github.com/KodMacro/Nordhem",
    "manifest": "https://raw.githubusercontent.com/KodMacro/Nordhem/main/system.json",
    "download": "https://github.com/KodMacro/Nordhem/archive/v0.1-test.zip"
}